Mauna Loa,CO2 Dates,South Pole,Heat Content,Heat Content Dates,+2 Standard Error,-2 Standard Error,Temperature Anomaly,Temperature Dates,trace6,trace7,trace8,trace9,trace10
315.71,1958-03-01,314.32,-5.84615384615,1960-3-20,-2.1538461538461533,-9.538461538461547,30.974358974358985,1960-11-19,32.512820512820525,29.641025641025653,-0.10956521739130443,-0.04173913043478272,0.03652173913043466
317.45,1958-04-01,314.47,-4.92307692308,1962-2-15,-1.4358974358974308,-8.205128205128204,32.512820512820525,1961-11-10,34.15384615384616,31.076923076923087,-0.036521739130435105,0.0417391304347825,0.13043478260869557
317.50,1958-05-01,314.61,-7.28205128205,1964-12-29,-4.000000000000007,-10.769230769230774,32.30769230769232,1962-11-16,33.74358974358975,30.76923076923078,-0.052173913043478404,0.02608695652173898,0.09913043478260852
317.10,1958-06-01,314.73,-8.41025641026,1965-12-3,-5.435897435897445,-12,32.82051282051283,1963-10-31,34.35897435897437,31.076923076923087,-0.036521739130435105,0.05217391304347818,0.1356521739130434
315.86,1958-07-01,314.85,-9.53846153846,1968-2-1,-6.666666666666671,-12.410256410256409,27.5897435897436,1964-10-3,29.12820512820514,26.05128205128206,-0.2921739130434784,-0.2086956521739134,-0.1304347826086958
314.93,1958-08-01,314.94,-9.12820512821,1969-1-14,-6.358974358974365,-11.487179487179489,30.461538461538474,1966-11-6,32.102564102564116,28.820512820512832,-0.15130434782608715,-0.06782608695652192,0.02086956521739114
313.20,1958-09-01,315.03,-6.76923076923,1971-1-18,-4.307692307692314,-9.538461538461547,30.25641025641027,1967-11-12,31.89743589743591,28.71794871794873,-0.15652173913043477,-0.07826086956521738,0.005217391304347618
312.66,1958-10-01,315.12,-6.15384615385,1972-1-29,-3.2820512820512846,-8.512820512820525,29.846153846153857,1968-10-20,31.282051282051295,28.307692307692317,-0.17739130434782635,-0.10434782608695659,-0.026086956521739202
313.33,1958-11-01,315.2,-4.92307692308,1973-2-13,-2.461538461538467,-7.282051282051285,32.30769230769232,1969-11-12,33.74358974358975,30.871794871794883,-0.04695652173913056,0.03130434782608682,0.09913043478260852
314.67,1958-12-01,315.28,-4.51282051282,1974-3-22,-1.948717948717956,-6.974358974358978,31.384615384615394,1970-11-14,32.82051282051283,29.846153846153857,-0.09913043478260897,-0.03130434782608704,0.05739130434782602
315.62,1959-01-01,315.36,-2.87179487179,1975-5-5,-0.2051282051282044,-5.2307692307692335,28.410256410256423,1971-10-6,29.846153846153857,26.97435897435898,-0.24521739130434805,-0.16695652173913067,-0.0939130434782609
316.38,1959-02-01,315.44,-1.23076923077,1977-4-7,1.2307692307692264,-3.589743589743591,32.923076923076934,1973-11-18,34.25641025641027,31.282051282051295,-0.026086956521739202,0.05217391304347818,0.13043478260869557
316.71,1959-03-01,315.53,0.205128205128,1979-4-4,2.564102564102569,-1.948717948717956,27.89743589743591,1974-10-23,29.230769230769244,26.46153846153847,-0.27130434782608726,-0.1982608695652175,-0.12521739130434795
317.72,1959-04-01,315.6,-0.615384615385,1980-5-2,1.435897435897438,-2.974358974358978,28.820512820512832,1975-10-10,30.25641025641027,27.384615384615394,-0.2243478260869567,-0.15130434782608715,-0.07304347826086977
318.29,1959-05-01,315.67,-0.717948717949,1981-4-12,1.3333333333333286,-2.974358974358978,27.28205128205129,1976-10-6,28.71794871794873,25.846153846153854,-0.3026086956521741,-0.21913043478260885,-0.15652173913043477
318.15,1959-06-01,315.73,-0.410256410256,1982-3-26,1.7435897435897374,-2.564102564102562,32.61538461538463,1977-11-18,34.051282051282065,31.282051282051295,-0.026086956521739202,0.04695652173913034,0.11999999999999988
316.54,1959-07-01,315.78,-0.923076923077,1983-3-30,1.2307692307692264,-2.974358974358978,30.871794871794883,1978-11-14,32.30769230769232,29.538461538461547,-0.11478260869565249,-0.052173913043478404,0.03130434782608682
314.80,1959-08-01,315.83,-0.410256410256,1984-4-8,1.53846153846154,-2.358974358974365,32.923076923076934,1979-11-8,34.461538461538474,31.692307692307704,-0.005217391304348062,0.06260869565217386,0.1356521739130434
313.84,1959-09-01,315.87,-0.102564102564,1985-8-29,1.7435897435897374,-1.8461538461538538,33.64102564102565,1980-11-19,35.2820512820513,32.20512820512822,0.02086956521739114,0.08869565217391306,0.1773913043478259
313.26,1959-10-01,315.91,0.615384615385,1987-4-11,2.3589743589743577,-1.1282051282051313,34.564102564102576,1981-12-3,36.102564102564116,33.025641025641036,0.06260869565217386,0.1356521739130434,0.22434782608695625
314.80,1959-11-01,315.94,0.410256410256,1988-8-27,1.948717948717949,-1.4358974358974308,32.20512820512822,1982-11-24,33.948717948717956,30.974358974358985,-0.04173913043478272,0.02086956521739114,0.1095652173913042
315.58,1959-12-01,315.99,0.205128205128,1990-4-2,1.7435897435897374,-1.3333333333333357,35.3846153846154,1983-12-23,36.923076923076934,33.74358974358975,0.09913043478260852,0.1878260869565216,0.2556521739130433
316.43,1960-01-01,316.03,2.76923076923,1991-5-23,4.102564102564102,1.53846153846154,31.79487179487181,1984-11-9,33.12820512820514,30.05128205128206,-0.08869565217391329,-0.005217391304348062,0.07826086956521738
316.97,1960-02-01,316.09,3.79487179487,1992-6-5,5.025641025641029,2.6666666666666714,31.384615384615394,1985-11-13,32.82051282051283,29.94871794871796,-0.0939130434782609,-0.020869565217391584,0.05739130434782602
317.58,1960-03-01,316.15,3.38461538462,1994-5-22,4.307692307692307,2.2564102564102555,32.71794871794873,1986-11-3,33.948717948717956,31.17948717948719,-0.03130434782608704,0.0417391304347825,0.11478260869565204
319.02,1960-04-01,316.2,4.51282051282,1995-6-6,5.435897435897438,3.487179487179489,35.4871794871795,1987-12-25,37.025641025641036,33.84615384615386,0.10434782608695659,0.1878260869565216,0.26608695652173897
320.03,1960-05-01,316.27,5.02564102564,1997-4-30,6.358974358974358,3.6923076923076934,35.79487179487181,1988-12-7,37.23076923076924,34.15384615384616,0.11999999999999988,0.2034782608695651,0.2817391304347825
319.59,1960-06-01,316.33,6.15384615385,1998-5-15,7.794871794871803,4.61538461538462,34.461538461538474,1989-12-5,36.102564102564116,33.025641025641036,0.06260869565217386,0.13043478260869557,0.2139130434782608
318.18,1960-07-01,316.39,6.25641025641,1999-5-23,8,4.61538461538462,37.43589743589745,1991-1-1,39.076923076923094,36.20512820512822,0.22434782608695625,0.28695652173913033,0.37043478260869556
315.91,1960-08-01,316.45,9.12820512821,2002-5-10,10.15384615384616,8.512820512820511,36.82051282051283,1991-12-9,38.46153846153848,35.3846153846154,0.18260869565217397,0.25043478260869545,0.33913043478260874
314.16,1960-09-01,316.5,9.94871794872,2003-6-18,10.666666666666671,9.435897435897438,33.948717948717956,1992-11-26,35.79487179487181,32.41025641025642,0.03130434782608682,0.1095652173913042,0.20869565217391295
313.83,1960-10-01,316.56,11.5897435897,2004-6-9,12,11.07692307692308,35.69230769230771,1994-11-26,37.33333333333334,34.15384615384616,0.11999999999999988,0.2034782608695651,0.2817391304347825
315.00,1960-11-01,316.61,12.4102564103,2006-7-26,12.820512820512825,11.794871794871803,38.051282051282065,1996-1-14,39.589743589743605,36.30769230769232,0.2295652173913043,0.31304347826086953,0.4017391304347825
316.19,1960-12-01,316.67,12.6153846154,2007-8-30,13.025641025641029,12.205128205128212,35.589743589743605,1997-1-4,37.23076923076924,34.051282051282065,0.11478260869565204,0.19304347826086943,0.2817391304347825
316.93,1961-01-01,316.72,13.3333333333,2008-6-22,13.641025641025642,12.820512820512825,41.84615384615386,1999-1-8,43.4871794871795,40.102564102564116,0.42260869565217385,0.506086956521739,0.5947826086956521
317.70,1961-02-01,316.78,,,,,37.84615384615386,1999-12-19,39.4871794871795,36.102564102564116,0.21913043478260863,0.3078260869565217,0.3913043478260869
318.54,1961-03-01,316.83,,,,,37.64102564102566,2001-1-20,39.3846153846154,36.000000000000014,0.2139130434782608,0.297391304347826,0.38086956521739124
319.48,1961-04-01,316.88,,,,,40.30769230769232,2002-1-18,42.15384615384617,38.666666666666686,0.3495652173913043,0.4278260869565216,0.5217391304347825
320.58,1961-05-01,316.93,,,,,41.43589743589745,2003-2-2,43.1794871794872,39.69230769230771,0.4017391304347825,0.49043478260869555,0.5791304347826086
319.77,1961-06-01,316.99,,,,,41.538461538461554,2003-12-19,43.2820512820513,39.69230769230771,0.4017391304347825,0.4956521739130434,0.5895652173913043
318.57,1961-07-01,317.04,,,,,40.61538461538463,2005-1-15,42.25641025641027,38.97435897435899,0.3652173913043478,0.44869565217391294,0.537391304347826
316.79,1961-08-01,317.09,,,,,42.25641025641027,2006-2-2,44.000000000000014,40.512820512820525,0.4434782608695651,0.5321739130434782,0.6208695652173912
314.80,1961-09-01,317.15,,,,,41.43589743589745,2007-2-4,43.2820512820513,39.79487179487181,0.40695652173913044,0.4956521739130434,0.5843478260869566
315.38,1961-10-01,317.21,,,,,41.43589743589745,2007-12-20,42.87179487179489,39.69230769230771,0.4017391304347825,0.4852173913043478,0.568695652173913
316.10,1961-11-01,317.26,,,,,39.4871794871795,2009-1-9,41.12820512820514,38.35897435897437,0.3339130434782608,0.39652173913043465,0.47999999999999987
317.01,1961-12-01,317.31,,,,,41.43589743589745,2010-1-29,43.3846153846154,39.89743589743591,0.41217391304347817,0.4956521739130434,0.5947826086956521
317.94,1962-01-01,317.36,,,,,42.15384615384617,2011-1-15,44.102564102564116,40.512820512820525,0.4434782608695651,0.5269565217391303,0.6208695652173912
318.56,1962-02-01,317.4,,,,,,,,,,,
319.68,1962-03-01,317.44,,,,,,,,,,,
320.63,1962-04-01,317.47,,,,,,,,,,,
321.01,1962-05-01,317.5,,,,,,,,,,,
320.55,1962-06-01,317.53,,,,,,,,,,,
319.58,1962-07-01,317.57,,,,,,,,,,,
317.40,1962-08-01,317.61,,,,,,,,,,,
316.26,1962-09-01,317.67,,,,,,,,,,,
315.42,1962-10-01,317.75,,,,,,,,,,,
316.69,1962-11-01,317.83,,,,,,,,,,,
317.69,1962-12-01,317.92,,,,,,,,,,,
318.74,1963-01-01,318.01,,,,,,,,,,,
319.08,1963-02-01,318.09,,,,,,,,,,,
319.86,1963-03-01,318.16,,,,,,,,,,,
321.39,1963-04-01,318.21,,,,,,,,,,,
322.25,1963-05-01,318.27,,,,,,,,,,,
321.47,1963-06-01,318.31,,,,,,,,,,,
319.74,1963-07-01,318.35,,,,,,,,,,,
317.77,1963-08-01,318.37,,,,,,,,,,,
316.21,1963-09-01,318.4,,,,,,,,,,,
315.99,1963-10-01,318.41,,,,,,,,,,,
317.12,1963-11-01,318.43,,,,,,,,,,,
318.31,1963-12-01,318.44,,,,,,,,,,,
319.57,1964-01-01,318.46,,,,,,,,,,,
320.07,1964-02-01,318.47,,,,,,,,,,,
320.73,1964-03-01,318.48,,,,,,,,,,,
321.77,1964-04-01,318.5,,,,,,,,,,,
322.25,1964-05-01,318.52,,,,,,,,,,,
321.89,1964-06-01,318.54,,,,,,,,,,,
320.44,1964-07-01,318.56,,,,,,,,,,,
318.70,1964-08-01,318.6,,,,,,,,,,,
316.70,1964-09-01,318.63,,,,,,,,,,,
316.79,1964-10-01,318.68,,,,,,,,,,,
317.79,1964-11-01,318.73,,,,,,,,,,,
318.71,1964-12-01,318.8,,,,,,,,,,,
319.44,1965-01-01,318.87,,,,,,,,,,,
320.44,1965-02-01,318.96,,,,,,,,,,,
320.89,1965-03-01,319.06,,,,,,,,,,,
322.13,1965-04-01,319.16,,,,,,,,,,,
322.16,1965-05-01,319.29,,,,,,,,,,,
321.87,1965-06-01,319.42,,,,,,,,,,,
321.39,1965-07-01,319.57,,,,,,,,,,,
318.81,1965-08-01,319.72,,,,,,,,,,,
317.81,1965-09-01,319.89,,,,,,,,,,,
317.30,1965-10-01,320.04,,,,,,,,,,,
318.87,1965-11-01,320.18,,,,,,,,,,,
319.42,1965-12-01,320.31,,,,,,,,,,,
320.62,1966-01-01,320.41,,,,,,,,,,,
321.59,1966-02-01,320.5,,,,,,,,,,,
322.39,1966-03-01,320.57,,,,,,,,,,,
323.87,1966-04-01,320.64,,,,,,,,,,,
324.01,1966-05-01,320.7,,,,,,,,,,,
323.75,1966-06-01,320.76,,,,,,,,,,,
322.39,1966-07-01,320.81,,,,,,,,,,,
320.37,1966-08-01,320.85,,,,,,,,,,,
318.64,1966-09-01,320.89,,,,,,,,,,,
318.10,1966-10-01,320.93,,,,,,,,,,,
319.79,1966-11-01,320.97,,,,,,,,,,,
321.08,1966-12-01,321.01,,,,,,,,,,,
322.07,1967-01-01,321.05,,,,,,,,,,,
322.50,1967-02-01,321.09,,,,,,,,,,,
323.04,1967-03-01,321.14,,,,,,,,,,,
324.42,1967-04-01,321.17,,,,,,,,,,,
325.00,1967-05-01,321.22,,,,,,,,,,,
324.09,1967-06-01,321.26,,,,,,,,,,,
322.55,1967-07-01,321.31,,,,,,,,,,,
320.92,1967-08-01,321.37,,,,,,,,,,,
319.31,1967-09-01,321.43,,,,,,,,,,,
319.31,1967-10-01,321.5,,,,,,,,,,,
320.72,1967-11-01,321.57,,,,,,,,,,,
321.96,1967-12-01,321.65,,,,,,,,,,,
322.57,1968-01-01,321.73,,,,,,,,,,,
323.15,1968-02-01,321.8,,,,,,,,,,,
323.89,1968-03-01,321.86,,,,,,,,,,,
325.02,1968-04-01,321.89,,,,,,,,,,,
325.57,1968-05-01,321.92,,,,,,,,,,,
325.36,1968-06-01,321.94,,,,,,,,,,,
324.14,1968-07-01,321.97,,,,,,,,,,,
322.03,1968-08-01,322,,,,,,,,,,,
320.41,1968-09-01,322.04,,,,,,,,,,,
320.25,1968-10-01,322.1,,,,,,,,,,,
321.31,1968-11-01,322.18,,,,,,,,,,,
322.84,1968-12-01,322.27,,,,,,,,,,,
324.00,1969-01-01,322.36,,,,,,,,,,,
324.42,1969-02-01,322.47,,,,,,,,,,,
325.64,1969-03-01,322.59,,,,,,,,,,,
326.66,1969-04-01,322.7,,,,,,,,,,,
327.34,1969-05-01,322.83,,,,,,,,,,,
326.76,1969-06-01,322.96,,,,,,,,,,,
325.88,1969-07-01,323.09,,,,,,,,,,,
323.67,1969-08-01,323.22,,,,,,,,,,,
322.38,1969-09-01,323.35,,,,,,,,,,,
321.78,1969-10-01,323.49,,,,,,,,,,,
322.85,1969-11-01,323.61,,,,,,,,,,,
324.11,1969-12-01,323.72,,,,,,,,,,,
325.03,1970-01-01,323.83,,,,,,,,,,,
325.99,1970-02-01,323.92,,,,,,,,,,,
326.87,1970-03-01,324.01,,,,,,,,,,,
328.13,1970-04-01,324.09,,,,,,,,,,,
328.07,1970-05-01,324.17,,,,,,,,,,,
327.66,1970-06-01,324.25,,,,,,,,,,,
326.35,1970-07-01,324.34,,,,,,,,,,,
324.69,1970-08-01,324.42,,,,,,,,,,,
323.10,1970-09-01,324.5,,,,,,,,,,,
323.16,1970-10-01,324.58,,,,,,,,,,,
323.98,1970-11-01,324.66,,,,,,,,,,,
325.13,1970-12-01,324.74,,,,,,,,,,,
326.17,1971-01-01,324.81,,,,,,,,,,,
326.68,1971-02-01,324.89,,,,,,,,,,,
327.18,1971-03-01,324.98,,,,,,,,,,,
327.78,1971-04-01,325.06,,,,,,,,,,,
328.92,1971-05-01,325.16,,,,,,,,,,,
328.57,1971-06-01,325.27,,,,,,,,,,,
327.34,1971-07-01,325.38,,,,,,,,,,,
325.46,1971-08-01,325.49,,,,,,,,,,,
323.36,1971-09-01,325.61,,,,,,,,,,,
323.57,1971-10-01,325.72,,,,,,,,,,,
324.80,1971-11-01,325.81,,,,,,,,,,,
326.01,1971-12-01,325.88,,,,,,,,,,,
326.77,1972-01-01,325.91,,,,,,,,,,,
327.63,1972-02-01,325.92,,,,,,,,,,,
327.75,1972-03-01,325.92,,,,,,,,,,,
329.72,1972-04-01,325.91,,,,,,,,,,,
330.07,1972-05-01,325.91,,,,,,,,,,,
329.09,1972-06-01,325.92,,,,,,,,,,,
328.05,1972-07-01,325.94,,,,,,,,,,,
326.32,1972-08-01,325.97,,,,,,,,,,,
324.93,1972-09-01,326.03,,,,,,,,,,,
325.06,1972-10-01,326.12,,,,,,,,,,,
326.50,1972-11-01,326.22,,,,,,,,,,,
327.55,1972-12-01,326.35,,,,,,,,,,,
328.54,1973-01-01,326.5,,,,,,,,,,,
329.56,1973-02-01,326.67,,,,,,,,,,,
330.30,1973-03-01,326.84,,,,,,,,,,,
331.50,1973-04-01,327.01,,,,,,,,,,,
332.48,1973-05-01,327.2,,,,,,,,,,,
332.07,1973-06-01,327.37,,,,,,,,,,,
330.87,1973-07-01,327.55,,,,,,,,,,,
329.31,1973-08-01,327.71,,,,,,,,,,,
327.51,1973-09-01,327.85,,,,,,,,,,,
327.18,1973-10-01,327.98,,,,,,,,,,,
328.16,1973-11-01,328.09,,,,,,,,,,,
328.64,1973-12-01,328.17,,,,,,,,,,,
329.35,1974-01-01,328.24,,,,,,,,,,,
330.71,1974-02-01,328.3,,,,,,,,,,,
331.48,1974-03-01,328.34,,,,,,,,,,,
332.65,1974-04-01,328.37,,,,,,,,,,,
333.19,1974-05-01,328.39,,,,,,,,,,,
332.12,1974-06-01,328.41,,,,,,,,,,,
330.99,1974-07-01,328.44,,,,,,,,,,,
329.17,1974-08-01,328.48,,,,,,,,,,,
327.41,1974-09-01,328.53,,,,,,,,,,,
327.21,1974-10-01,328.59,,,,,,,,,,,
328.34,1974-11-01,328.66,,,,,,,,,,,
329.50,1974-12-01,328.75,,,,,,,,,,,
330.68,1975-01-01,328.85,,,,,,,,,,,
331.41,1975-02-01,328.95,,,,,,,,,,,
331.85,1975-03-01,329.05,,,,,,,,,,,
333.29,1975-04-01,329.14,,,,,,,,,,,
333.91,1975-05-01,329.24,,,,,,,,,,,
333.40,1975-06-01,329.34,,,,,,,,,,,
331.74,1975-07-01,329.44,,,,,,,,,,,
329.88,1975-08-01,329.53,,,,,,,,,,,
328.57,1975-09-01,329.64,,,,,,,,,,,
328.36,1975-10-01,329.75,,,,,,,,,,,
329.33,1975-11-01,329.85,,,,,,,,,,,
330.59,1975-12-01,329.95,,,,,,,,,,,
331.66,1976-01-01,330.04,,,,,,,,,,,
332.75,1976-02-01,330.12,,,,,,,,,,,
333.46,1976-03-01,330.2,,,,,,,,,,,
334.78,1976-04-01,330.27,,,,,,,,,,,
334.78,1976-05-01,330.35,,,,,,,,,,,
334.06,1976-06-01,330.42,,,,,,,,,,,
332.95,1976-07-01,330.51,,,,,,,,,,,
330.64,1976-08-01,330.61,,,,,,,,,,,
328.96,1976-09-01,330.72,,,,,,,,,,,
328.77,1976-10-01,330.83,,,,,,,,,,,
330.18,1976-11-01,330.95,,,,,,,,,,,
331.65,1976-12-01,331.07,,,,,,,,,,,
332.69,1977-01-01,331.18,,,,,,,,,,,
333.23,1977-02-01,331.3,,,,,,,,,,,
334.97,1977-03-01,331.42,,,,,,,,,,,
336.03,1977-04-01,331.53,,,,,,,,,,,
336.82,1977-05-01,331.66,,,,,,,,,,,
336.10,1977-06-01,331.79,,,,,,,,,,,
334.79,1977-07-01,331.94,,,,,,,,,,,
332.53,1977-08-01,332.08,,,,,,,,,,,
331.19,1977-09-01,332.24,,,,,,,,,,,
331.21,1977-10-01,332.39,,,,,,,,,,,
332.35,1977-11-01,332.55,,,,,,,,,,,
333.47,1977-12-01,332.71,,,,,,,,,,,
335.10,1978-01-01,332.86,,,,,,,,,,,
335.26,1978-02-01,333.01,,,,,,,,,,,
336.61,1978-03-01,333.15,,,,,,,,,,,
337.77,1978-04-01,333.28,,,,,,,,,,,
338.01,1978-05-01,333.41,,,,,,,,,,,
337.98,1978-06-01,333.54,,,,,,,,,,,
336.48,1978-07-01,333.66,,,,,,,,,,,
334.37,1978-08-01,333.77,,,,,,,,,,,
332.33,1978-09-01,333.88,,,,,,,,,,,
332.41,1978-10-01,333.97,,,,,,,,,,,
333.76,1978-11-01,334.06,,,,,,,,,,,
334.83,1978-12-01,334.14,,,,,,,,,,,
336.21,1979-01-01,334.23,,,,,,,,,,,
336.65,1979-02-01,334.32,,,,,,,,,,,
338.13,1979-03-01,334.42,,,,,,,,,,,
338.94,1979-04-01,334.52,,,,,,,,,,,
339.00,1979-05-01,334.64,,,,,,,,,,,
339.20,1979-06-01,334.77,,,,,,,,,,,
337.60,1979-07-01,334.92,,,,,,,,,,,
335.56,1979-08-01,335.07,,,,,,,,,,,
333.93,1979-09-01,335.24,,,,,,,,,,,
334.12,1979-10-01,335.41,,,,,,,,,,,
335.26,1979-11-01,335.58,,,,,,,,,,,
336.78,1979-12-01,335.75,,,,,,,,,,,
337.80,1980-01-01,335.93,,,,,,,,,,,
338.28,1980-02-01,336.11,,,,,,,,,,,
340.04,1980-03-01,336.28,,,,,,,,,,,
340.86,1980-04-01,336.45,,,,,,,,,,,
341.47,1980-05-01,336.62,,,,,,,,,,,
341.26,1980-06-01,336.78,,,,,,,,,,,
339.34,1980-07-01,336.94,,,,,,,,,,,
337.45,1980-08-01,337.09,,,,,,,,,,,
336.10,1980-09-01,337.23,,,,,,,,,,,
336.05,1980-10-01,337.36,,,,,,,,,,,
337.21,1980-11-01,337.48,,,,,,,,,,,
338.29,1980-12-01,337.59,,,,,,,,,,,
339.36,1981-01-01,337.7,,,,,,,,,,,
340.51,1981-02-01,337.8,,,,,,,,,,,
341.57,1981-03-01,337.89,,,,,,,,,,,
342.56,1981-04-01,337.98,,,,,,,,,,,
343.01,1981-05-01,338.06,,,,,,,,,,,
342.49,1981-06-01,338.14,,,,,,,,,,,
340.68,1981-07-01,338.23,,,,,,,,,,,
338.49,1981-08-01,338.3,,,,,,,,,,,
336.92,1981-09-01,338.38,,,,,,,,,,,
337.12,1981-10-01,338.46,,,,,,,,,,,
338.59,1981-11-01,338.55,,,,,,,,,,,
339.90,1981-12-01,338.63,,,,,,,,,,,
340.92,1982-01-01,338.73,,,,,,,,,,,
341.69,1982-02-01,338.82,,,,,,,,,,,
342.85,1982-03-01,338.92,,,,,,,,,,,
343.92,1982-04-01,339.02,,,,,,,,,,,
344.67,1982-05-01,339.12,,,,,,,,,,,
343.78,1982-06-01,339.22,,,,,,,,,,,
342.23,1982-07-01,339.33,,,,,,,,,,,
340.11,1982-08-01,339.43,,,,,,,,,,,
338.32,1982-09-01,339.54,,,,,,,,,,,
338.39,1982-10-01,339.65,,,,,,,,,,,
339.48,1982-11-01,339.76,,,,,,,,,,,
340.88,1982-12-01,339.89,,,,,,,,,,,
341.64,1983-01-01,340.03,,,,,,,,,,,
342.87,1983-02-01,340.19,,,,,,,,,,,
343.59,1983-03-01,340.36,,,,,,,,,,,
345.25,1983-04-01,340.53,,,,,,,,,,,
345.96,1983-05-01,340.73,,,,,,,,,,,
345.52,1983-06-01,340.92,,,,,,,,,,,
344.15,1983-07-01,341.11,,,,,,,,,,,
342.25,1983-08-01,341.29,,,,,,,,,,,
340.17,1983-09-01,341.46,,,,,,,,,,,
340.30,1983-10-01,341.62,,,,,,,,,,,
341.53,1983-11-01,341.77,,,,,,,,,,,
343.07,1983-12-01,341.9,,,,,,,,,,,
344.05,1984-01-01,342.01,,,,,,,,,,,
344.77,1984-02-01,342.12,,,,,,,,,,,
345.46,1984-03-01,342.21,,,,,,,,,,,
346.77,1984-04-01,342.29,,,,,,,,,,,
347.55,1984-05-01,342.38,,,,,,,,,,,
346.98,1984-06-01,342.46,,,,,,,,,,,
345.55,1984-07-01,342.54,,,,,,,,,,,
343.20,1984-08-01,342.63,,,,,,,,,,,
341.35,1984-09-01,342.71,,,,,,,,,,,
341.68,1984-10-01,342.79,,,,,,,,,,,
343.06,1984-11-01,342.87,,,,,,,,,,,
344.54,1984-12-01,342.95,,,,,,,,,,,
345.25,1985-01-01,343.04,,,,,,,,,,,
346.06,1985-02-01,343.13,,,,,,,,,,,
347.66,1985-03-01,343.24,,,,,,,,,,,
348.20,1985-04-01,343.34,,,,,,,,,,,
348.92,1985-05-01,343.46,,,,,,,,,,,
348.40,1985-06-01,343.59,,,,,,,,,,,
346.66,1985-07-01,343.73,,,,,,,,,,,
344.85,1985-08-01,343.87,,,,,,,,,,,
343.20,1985-09-01,344.02,,,,,,,,,,,
343.08,1985-10-01,344.16,,,,,,,,,,,
344.40,1985-11-01,344.3,,,,,,,,,,,
345.82,1985-12-01,344.44,,,,,,,,,,,
346.54,1986-01-01,344.57,,,,,,,,,,,
347.13,1986-02-01,344.7,,,,,,,,,,,
348.05,1986-03-01,344.83,,,,,,,,,,,
349.77,1986-04-01,344.94,,,,,,,,,,,
350.53,1986-05-01,345.05,,,,,,,,,,,
349.90,1986-06-01,345.16,,,,,,,,,,,
348.11,1986-07-01,345.27,,,,,,,,,,,
346.09,1986-08-01,345.38,,,,,,,,,,,
345.01,1986-09-01,345.49,,,,,,,,,,,
344.47,1986-10-01,345.59,,,,,,,,,,,
345.86,1986-11-01,345.7,,,,,,,,,,,
347.15,1986-12-01,345.82,,,,,,,,,,,
348.38,1987-01-01,345.94,,,,,,,,,,,
348.70,1987-02-01,346.07,,,,,,,,,,,
349.72,1987-03-01,346.22,,,,,,,,,,,
351.32,1987-04-01,346.36,,,,,,,,,,,
352.14,1987-05-01,346.53,,,,,,,,,,,
351.61,1987-06-01,346.7,,,,,,,,,,,
349.91,1987-07-01,346.89,,,,,,,,,,,
347.84,1987-08-01,347.07,,,,,,,,,,,
346.52,1987-09-01,347.26,,,,,,,,,,,
346.65,1987-10-01,347.45,,,,,,,,,,,
347.96,1987-11-01,347.63,,,,,,,,,,,
349.18,1987-12-01,347.81,,,,,,,,,,,
350.38,1988-01-01,347.98,,,,,,,,,,,
351.68,1988-02-01,348.16,,,,,,,,,,,
352.24,1988-03-01,348.32,,,,,,,,,,,
353.66,1988-04-01,348.46,,,,,,,,,,,
354.18,1988-05-01,348.61,,,,,,,,,,,
353.68,1988-06-01,348.75,,,,,,,,,,,
352.58,1988-07-01,348.89,,,,,,,,,,,
350.66,1988-08-01,349.02,,,,,,,,,,,
349.03,1988-09-01,349.16,,,,,,,,,,,
349.08,1988-10-01,349.29,,,,,,,,,,,
350.15,1988-11-01,349.43,,,,,,,,,,,
351.44,1988-12-01,349.56,,,,,,,,,,,
352.89,1989-01-01,349.7,,,,,,,,,,,
353.24,1989-02-01,349.83,,,,,,,,,,,
353.80,1989-03-01,349.97,,,,,,,,,,,
355.59,1989-04-01,350.08,,,,,,,,,,,
355.89,1989-05-01,350.2,,,,,,,,,,,
355.30,1989-06-01,350.31,,,,,,,,,,,
353.98,1989-07-01,350.42,,,,,,,,,,,
351.53,1989-08-01,350.51,,,,,,,,,,,
350.02,1989-09-01,350.61,,,,,,,,,,,
350.29,1989-10-01,350.7,,,,,,,,,,,
351.44,1989-11-01,350.78,,,,,,,,,,,
352.84,1989-12-01,350.87,,,,,,,,,,,
353.79,1990-01-01,350.96,,,,,,,,,,,
354.88,1990-02-01,351.07,,,,,,,,,,,
355.65,1990-03-01,351.19,,,,,,,,,,,
356.27,1990-04-01,351.3,,,,,,,,,,,
357.29,1990-05-01,351.44,,,,,,,,,,,
356.32,1990-06-01,351.58,,,,,,,,,,,
354.88,1990-07-01,351.72,,,,,,,,,,,
352.89,1990-08-01,351.86,,,,,,,,,,,
351.28,1990-09-01,352,,,,,,,,,,,
351.59,1990-10-01,352.12,,,,,,,,,,,
353.05,1990-11-01,352.24,,,,,,,,,,,
354.27,1990-12-01,352.36,,,,,,,,,,,
354.87,1991-01-01,352.48,,,,,,,,,,,
355.68,1991-02-01,352.59,,,,,,,,,,,
357.06,1991-03-01,352.7,,,,,,,,,,,
358.51,1991-04-01,352.8,,,,,,,,,,,
359.09,1991-05-01,352.9,,,,,,,,,,,
358.10,1991-06-01,353,,,,,,,,,,,
356.12,1991-07-01,353.1,,,,,,,,,,,
353.89,1991-08-01,353.18,,,,,,,,,,,
352.30,1991-09-01,353.27,,,,,,,,,,,
352.32,1991-10-01,353.35,,,,,,,,,,,
353.79,1991-11-01,353.43,,,,,,,,,,,
355.07,1991-12-01,353.5,,,,,,,,,,,
356.17,1992-01-01,353.58,,,,,,,,,,,
356.93,1992-02-01,353.67,,,,,,,,,,,
357.82,1992-03-01,353.76,,,,,,,,,,,
359.00,1992-04-01,353.86,,,,,,,,,,,
359.55,1992-05-01,353.97,,,,,,,,,,,
359.32,1992-06-01,354.09,,,,,,,,,,,
356.85,1992-07-01,354.21,,,,,,,,,,,
354.91,1992-08-01,354.32,,,,,,,,,,,
352.93,1992-09-01,354.43,,,,,,,,,,,
353.31,1992-10-01,354.53,,,,,,,,,,,
354.27,1992-11-01,354.61,,,,,,,,,,,
355.53,1992-12-01,354.68,,,,,,,,,,,
356.86,1993-01-01,354.74,,,,,,,,,,,
357.27,1993-02-01,354.8,,,,,,,,,,,
358.36,1993-03-01,354.85,,,,,,,,,,,
359.27,1993-04-01,354.91,,,,,,,,,,,
360.19,1993-05-01,354.97,,,,,,,,,,,
359.52,1993-06-01,355.03,,,,,,,,,,,
357.42,1993-07-01,355.11,,,,,,,,,,,
355.46,1993-08-01,355.18,,,,,,,,,,,
354.10,1993-09-01,355.26,,,,,,,,,,,
354.12,1993-10-01,355.35,,,,,,,,,,,
355.40,1993-11-01,355.43,,,,,,,,,,,
356.84,1993-12-01,355.52,,,,,,,,,,,
358.22,1994-01-01,355.62,,,,,,,,,,,
358.98,1994-02-01,355.72,,,,,,,,,,,
359.91,1994-03-01,355.84,,,,,,,,,,,
361.32,1994-04-01,355.95,,,,,,,,,,,
361.68,1994-05-01,356.08,,,,,,,,,,,
360.80,1994-06-01,356.22,,,,,,,,,,,
359.39,1994-07-01,356.37,,,,,,,,,,,
357.42,1994-08-01,356.53,,,,,,,,,,,
355.63,1994-09-01,356.7,,,,,,,,,,,
356.09,1994-10-01,356.87,,,,,,,,,,,
357.56,1994-11-01,357.03,,,,,,,,,,,
358.87,1994-12-01,357.2,,,,,,,,,,,
359.87,1995-01-01,357.36,,,,,,,,,,,
360.79,1995-02-01,357.52,,,,,,,,,,,
361.77,1995-03-01,357.68,,,,,,,,,,,
363.23,1995-04-01,357.82,,,,,,,,,,,
363.77,1995-05-01,357.97,,,,,,,,,,,
363.22,1995-06-01,358.11,,,,,,,,,,,
361.70,1995-07-01,358.26,,,,,,,,,,,
359.11,1995-08-01,358.41,,,,,,,,,,,
358.11,1995-09-01,358.56,,,,,,,,,,,
357.97,1995-10-01,358.72,,,,,,,,,,,
359.40,1995-11-01,358.88,,,,,,,,,,,
360.61,1995-12-01,359.05,,,,,,,,,,,
362.04,1996-01-01,359.2,,,,,,,,,,,
363.17,1996-02-01,359.36,,,,,,,,,,,
364.17,1996-03-01,359.5,,,,,,,,,,,
364.51,1996-04-01,359.63,,,,,,,,,,,
365.16,1996-05-01,359.75,,,,,,,,,,,
364.93,1996-06-01,359.85,,,,,,,,,,,
363.53,1996-07-01,359.96,,,,,,,,,,,
361.38,1996-08-01,360.05,,,,,,,,,,,
359.60,1996-09-01,360.14,,,,,,,,,,,
359.54,1996-10-01,360.23,,,,,,,,,,,
360.84,1996-11-01,360.31,,,,,,,,,,,
362.18,1996-12-01,360.4,,,,,,,,,,,
363.04,1997-01-01,360.49,,,,,,,,,,,
364.09,1997-02-01,360.58,,,,,,,,,,,
364.47,1997-03-01,360.68,,,,,,,,,,,
366.25,1997-04-01,360.76,,,,,,,,,,,
366.69,1997-05-01,360.86,,,,,,,,,,,
365.59,1997-06-01,360.96,,,,,,,,,,,
364.34,1997-07-01,361.07,,,,,,,,,,,
362.20,1997-08-01,361.19,,,,,,,,,,,
360.31,1997-09-01,361.33,,,,,,,,,,,
360.71,1997-10-01,361.49,,,,,,,,,,,
362.44,1997-11-01,361.67,,,,,,,,,,,
364.33,1997-12-01,361.88,,,,,,,,,,,
365.18,1998-01-01,362.1,,,,,,,,,,,
365.98,1998-02-01,362.35,,,,,,,,,,,
367.13,1998-03-01,362.61,,,,,,,,,,,
368.61,1998-04-01,362.85,,,,,,,,,,,
369.49,1998-05-01,363.11,,,,,,,,,,,
368.95,1998-06-01,363.37,,,,,,,,,,,
367.74,1998-07-01,363.63,,,,,,,,,,,
365.79,1998-08-01,363.86,,,,,,,,,,,
364.01,1998-09-01,364.09,,,,,,,,,,,
364.35,1998-10-01,364.3,,,,,,,,,,,
365.52,1998-11-01,364.49,,,,,,,,,,,
367.08,1998-12-01,364.67,,,,,,,,,,,
368.12,1999-01-01,364.83,,,,,,,,,,,
368.98,1999-02-01,364.98,,,,,,,,,,,
369.60,1999-03-01,365.12,,,,,,,,,,,
370.96,1999-04-01,365.24,,,,,,,,,,,
370.77,1999-05-01,365.37,,,,,,,,,,,
370.33,1999-06-01,365.49,,,,,,,,,,,
369.28,1999-07-01,365.61,,,,,,,,,,,
366.86,1999-08-01,365.73,,,,,,,,,,,
364.94,1999-09-01,365.86,,,,,,,,,,,
365.35,1999-10-01,366,,,,,,,,,,,
366.68,1999-11-01,366.14,,,,,,,,,,,
368.04,1999-12-01,366.28,,,,,,,,,,,
369.25,2000-01-01,366.42,,,,,,,,,,,
369.50,2000-02-01,366.56,,,,,,,,,,,
370.56,2000-03-01,366.68,,,,,,,,,,,
371.82,2000-04-01,366.79,,,,,,,,,,,
371.51,2000-05-01,366.89,,,,,,,,,,,
371.71,2000-06-01,366.97,,,,,,,,,,,
369.85,2000-07-01,367.05,,,,,,,,,,,
368.20,2000-08-01,367.12,,,,,,,,,,,
366.91,2000-09-01,367.19,,,,,,,,,,,
366.99,2000-10-01,367.26,,,,,,,,,,,
368.33,2000-11-01,367.33,,,,,,,,,,,
369.67,2000-12-01,367.41,,,,,,,,,,,
370.52,2001-01-01,367.5,,,,,,,,,,,
371.49,2001-02-01,367.59,,,,,,,,,,,
372.53,2001-03-01,367.69,,,,,,,,,,,
373.37,2001-04-01,367.79,,,,,,,,,,,
373.82,2001-05-01,367.92,,,,,,,,,,,
373.18,2001-06-01,368.05,,,,,,,,,,,
371.57,2001-07-01,368.21,,,,,,,,,,,
369.63,2001-08-01,368.37,,,,,,,,,,,
368.16,2001-09-01,368.55,,,,,,,,,,,
368.42,2001-10-01,368.74,,,,,,,,,,,
369.69,2001-11-01,368.93,,,,,,,,,,,
371.18,2001-12-01,369.14,,,,,,,,,,,
372.45,2002-01-01,369.34,,,,,,,,,,,
373.14,2002-02-01,369.55,,,,,,,,,,,
373.93,2002-03-01,369.76,,,,,,,,,,,
375.00,2002-04-01,369.96,,,,,,,,,,,
375.65,2002-05-01,370.17,,,,,,,,,,,
375.50,2002-06-01,370.37,,,,,,,,,,,
374.00,2002-07-01,370.58,,,,,,,,,,,
371.83,2002-08-01,370.77,,,,,,,,,,,
370.66,2002-09-01,370.96,,,,,,,,,,,
370.51,2002-10-01,371.16,,,,,,,,,,,
372.20,2002-11-01,371.34,,,,,,,,,,,
373.71,2002-12-01,371.52,,,,,,,,,,,
374.87,2003-01-01,371.7,,,,,,,,,,,
375.62,2003-02-01,371.89,,,,,,,,,,,
376.48,2003-03-01,372.08,,,,,,,,,,,
377.74,2003-04-01,372.24,,,,,,,,,,,
378.50,2003-05-01,372.41,,,,,,,,,,,
378.18,2003-06-01,372.58,,,,,,,,,,,
376.72,2003-07-01,372.74,,,,,,,,,,,
374.31,2003-08-01,372.89,,,,,,,,,,,
373.20,2003-09-01,373.05,,,,,,,,,,,
373.10,2003-10-01,373.2,,,,,,,,,,,
374.64,2003-11-01,373.34,,,,,,,,,,,
375.93,2003-12-01,373.49,,,,,,,,,,,
377.00,2004-01-01,373.64,,,,,,,,,,,
377.87,2004-02-01,373.81,,,,,,,,,,,
378.73,2004-03-01,373.97,,,,,,,,,,,
380.41,2004-04-01,374.12,,,,,,,,,,,
380.63,2004-05-01,374.28,,,,,,,,,,,
379.56,2004-06-01,374.43,,,,,,,,,,,
377.61,2004-07-01,374.57,,,,,,,,,,,
376.15,2004-08-01,374.71,,,,,,,,,,,
374.11,2004-09-01,374.84,,,,,,,,,,,
374.44,2004-10-01,374.98,,,,,,,,,,,
375.93,2004-11-01,375.12,,,,,,,,,,,
377.45,2004-12-01,375.26,,,,,,,,,,,
378.47,2005-01-01,375.42,,,,,,,,,,,
379.76,2005-02-01,375.59,,,,,,,,,,,
381.14,2005-03-01,375.78,,,,,,,,,,,
382.20,2005-04-01,375.96,,,,,,,,,,,
382.47,2005-05-01,376.16,,,,,,,,,,,
382.20,2005-06-01,376.36,,,,,,,,,,,
380.78,2005-07-01,376.55,,,,,,,,,,,
378.73,2005-08-01,376.74,,,,,,,,,,,
376.66,2005-09-01,376.92,,,,,,,,,,,
376.98,2005-10-01,377.1,,,,,,,,,,,
378.29,2005-11-01,377.27,,,,,,,,,,,
379.92,2005-12-01,377.43,,,,,,,,,,,
381.35,2006-01-01,377.59,,,,,,,,,,,
382.16,2006-02-01,377.75,,,,,,,,,,,
382.66,2006-03-01,377.91,,,,,,,,,,,
384.73,2006-04-01,378.05,,,,,,,,,,,
384.98,2006-05-01,378.2,,,,,,,,,,,
384.09,2006-06-01,378.33,,,,,,,,,,,
382.38,2006-07-01,378.47,,,,,,,,,,,
380.45,2006-08-01,378.6,,,,,,,,,,,
378.92,2006-09-01,378.73,,,,,,,,,,,
379.16,2006-10-01,378.86,,,,,,,,,,,
380.18,2006-11-01,379,,,,,,,,,,,
381.79,2006-12-01,379.15,,,,,,,,,,,
382.93,2007-01-01,379.31,,,,,,,,,,,
383.81,2007-02-01,379.48,,,,,,,,,,,
384.56,2007-03-01,379.67,,,,,,,,,,,
386.40,2007-04-01,379.84,,,,,,,,,,,
386.58,2007-05-01,380.04,,,,,,,,,,,
386.05,2007-06-01,380.23,,,,,,,,,,,
384.49,2007-07-01,380.42,,,,,,,,,,,
382.00,2007-08-01,380.61,,,,,,,,,,,
380.90,2007-09-01,380.8,,,,,,,,,,,
381.14,2007-10-01,380.99,,,,,,,,,,,
382.42,2007-11-01,381.17,,,,,,,,,,,
383.89,2007-12-01,381.35,,,,,,,,,,,
385.44,2008-01-01,381.53,,,,,,,,,,,
385.73,2008-02-01,381.7,,,,,,,,,,,
385.97,2008-03-01,381.87,,,,,,,,,,,
387.16,2008-04-01,382.01,,,,,,,,,,,
388.50,2008-05-01,382.16,,,,,,,,,,,
387.88,2008-06-01,382.29,,,,,,,,,,,
386.43,2008-07-01,382.42,,,,,,,,,,,
384.15,2008-08-01,382.54,,,,,,,,,,,
383.09,2008-09-01,382.67,,,,,,,,,,,
382.99,2008-10-01,382.8,,,,,,,,,,,
384.13,2008-11-01,382.92,,,,,,,,,,,
385.56,2008-12-01,383.05,,,,,,,,,,,
386.94,2009-01-01,383.18,,,,,,,,,,,
387.42,2009-02-01,383.31,,,,,,,,,,,
388.77,2009-03-01,383.44,,,,,,,,,,,
389.44,2009-04-01,383.56,,,,,,,,,,,
390.19,2009-05-01,383.68,,,,,,,,,,,
389.45,2009-06-01,383.8,,,,,,,,,,,
387.78,2009-07-01,383.93,,,,,,,,,,,
385.92,2009-08-01,384.05,,,,,,,,,,,
384.79,2009-09-01,384.17,,,,,,,,,,,
384.39,2009-10-01,384.3,,,,,,,,,,,
386.00,2009-11-01,384.43,,,,,,,,,,,
387.31,2009-12-01,384.58,,,,,,,,,,,
388.50,2010-01-01,384.72,,,,,,,,,,,
389.94,2010-02-01,384.88,,,,,,,,,,,
391.09,2010-03-01,385.05,,,,,,,,,,,
392.53,2010-04-01,385.22,,,,,,,,,,,
393.04,2010-05-01,385.42,,,,,,,,,,,
392.15,2010-06-01,385.62,,,,,,,,,,,
390.22,2010-07-01,385.83,,,,,,,,,,,
388.26,2010-08-01,386.04,,,,,,,,,,,
386.83,2010-09-01,386.25,,,,,,,,,,,
387.20,2010-10-01,386.45,,,,,,,,,,,
388.65,2010-11-01,386.63,,,,,,,,,,,
389.73,2010-12-01,386.81,,,,,,,,,,,
391.25,2011-01-01,386.96,,,,,,,,,,,
391.82,2011-02-01,387.11,,,,,,,,,,,
392.49,2011-03-01,387.25,,,,,,,,,,,
393.34,2011-04-01,387.37,,,,,,,,,,,
394.21,2011-05-01,387.5,,,,,,,,,,,
393.72,2011-06-01,387.62,,,,,,,,,,,
392.42,2011-07-01,387.75,,,,,,,,,,,
390.19,2011-08-01,387.88,,,,,,,,,,,
389.04,2011-09-01,388.02,,,,,,,,,,,
388.96,2011-10-01,388.17,,,,,,,,,,,
390.24,2011-11-01,388.32,,,,,,,,,,,
391.83,2011-12-01,388.48,,,,,,,,,,,
393.12,2012-01-01,388.64,,,,,,,,,,,
393.60,2012-02-01,388.82,,,,,,,,,,,
394.45,2012-03-01,388.99,,,,,,,,,,,
396.18,2012-04-01,389.17,,,,,,,,,,,
396.78,2012-05-01,389.37,,,,,,,,,,,
395.83,2012-06-01,389.57,,,,,,,,,,,
394.30,2012-07-01,389.79,,,,,,,,,,,
392.41,2012-08-01,390,,,,,,,,,,,
391.06,2012-09-01,390.23,,,,,,,,,,,
391.01,2012-10-01,390.45,,,,,,,,,,,
392.81,2012-11-01,390.68,,,,,,,,,,,
394.28,2012-12-01,390.91,,,,,,,,,,,
395.54,2013-01-01,391.14,,,,,,,,,,,
396.80,2013-02-01,391.39,,,,,,,,,,,
397.31,2013-03-01,391.64,,,,,,,,,,,
398.35,2013-04-01,391.87,,,,,,,,,,,
399.76,2013-05-01,392.12,,,,,,,,,,,
398.58,2013-06-01,392.37,,,,,,,,,,,
397.20,2013-07-01,392.61,,,,,,,,,,,
395.15,2013-08-01,392.83,,,,,,,,,,,
393.51,2013-09-01,393.04,,,,,,,,,,,
393.66,2013-10-01,393.23,,,,,,,,,,,
395.11,2013-11-01,393.41,,,,,,,,,,,
396.81,2013-12-01,393.58,,,,,,,,,,,
397.80,2014-01-01,393.74,,,,,,,,,,,
397.91,2014-02-01,393.9,,,,,,,,,,,
399.58,2014-03-01,394.05,,,,,,,,,,,
401.29,2014-04-01,394.18,,,,,,,,,,,
401.77,2014-05-01,394.32,,,,,,,,,,,
401.15,2014-06-01,394.46,,,,,,,,,,,
399.00,2014-07-01,394.6,,,,,,,,,,,
397.01,2014-08-01,394.73,,,,,,,,,,,
395.26,2014-09-01,394.87,,,,,,,,,,,
395.93,2014-10-01,395.01,,,,,,,,,,,
397.13,2014-11-01,395.14,,,,,,,,,,,
398.78,2014-12-01,395.27,,,,,,,,,,,
